Word,Count
CR,78
เที่ยว,39
ดี,36
คน,24
สอบถาม,22
รถ,20
คืน,19
แนะนำ,18
ปี,17
รีวิว,16
ไทย,15
ไหม,15
พัก,13
เดินทาง,12
ตอน,12
ทำ,12
ญี่ปุ่น,12
เดือน,10
ประเทศ,10
รถไฟ,10
เรียน,10
เชียงใหม่,9
ตัว,9
เครื่อง,9
งาน,8
จีน,8
นอน,8
นั่ง,8
ภาพ,8
เพื่อน,8
เมือง,8
บิน,8
เกาหลี,7
2560,7
หนาว,7
เดิน,7
แม่,7
ซื้อ,7
สี,7
รบกวน,7
2016,7
ไม้,7
ร้าน,7
เรื่อง,7
สาย,6
รูป,6
ถ่าย,6
วีซ่า,6
วัด,6
2017,6
เส้นทาง,6
ภาษา,6
ลุย,6
ทัวร์,6
..,6
ท่องเที่ยว,6
ถาม,6
ใส่,5
อาหาร,5
เวลา,5
สอง,5
กรุงเทพ,5
เงิน,5
ประสบการณ์,5
แลก,5
ตั๋ว,5
บ้าน,5
pass,5
ตู้,5
สำหรับ,5
ลาว,4
สถานที่,4
รู้,4
ดาวน์,4
หน้า,4
เปล่า,4
ทุน,4
Zealand,4
เกี่ยว,4
Tokyo,4
บริการ,4
Review,4
ขาย,4
สวย,4
ทะเล,4
New,4
เค้าท์,4
หา,4
กระเป๋า,4
หาย,4
แบก,4
บาท,4
Part,4
วิว,4
จอง,4
ขับ,4
ชม,4
ใบ,4
สถานี,4
แผน,4
โรง,4
ทริปเชียงใหม่,4
น้ำ,4
ขี่,4
ห้อง,4
ตลาด,4
JR,3
เหนือ,3
The,3
อากาศ,3
Hostel,3
&quot,3
ราคา,3
สิงคโปร์,3
ออสเตรีย,3
ลม,3
60,3
ค่า,3
ด่านสำโรง,3
38,3
ทริปที่,3
อังกฤษ,3
daY,3
19,3
#FirstTimeKyushu,3
แรม,3
เลือก,3
จังหวัด,3
กิน,3
ดู,3
ฟัง,3
เคาท์ดาวน์,3
ต้องการ,3
ดอก,3
เล่า,3
wide,3
SR,3
เหมือน,3
พิมพ์,3
อร่อย,3
10,3
งบ,3
สงสัย,3
แหล่ง,3
Hokkaido,3
....,3
ชวน,3
โดน,3
หัวหิน,3
เต็ม,3
ติด,3
ลูก,3
วาง,3
อเมริกา,3
ออส,2
สอน,2
พาสปอร์ต,2
นิวซีแลนด์,2
ไฟ,2
Pass,2
หรอ,2
กาญจนบุรี,2
รีสอร์ท,2
ช่วยเหลือ,2
Summer,2
เตือน,2
ข้อ,2
แชร์,2
เป้,2
in,2
Gala,2
ผม,2
ทราบ,2
เยอรมัน,2
ใด,2
แลกเปลี่ยน,2
กำแพงเพชร,2
โรงแรม,2
พิษณุโลก,2
26,2
มีนาคม,2
รอย,2
จุด,2
ย่าน,2
เต็นท์,2
หยวน,2
ไหร่,2
ปีน,2
เวียดนาม,2
ฝัน,2
แถว,2
แย่,2
PASS,2
ลาน,2
งง,2
ข้อมูล,2
หวาน,2
กรุงเทพ-เชียงใหม่,2
ศพ,2
tour,2
พ.ย.,2
เหรอ,2
Plan,2
คุ้ม,2
รองเท้า,2
มอเตอร์ไซค์,2
เชียงตุง,2
ดวง,2
แต่ง,2
ชุด,2
ถนน,2
สาว,2
ฝน,2
ไข่,2
กี่,2
แปลก,2
ภูเขา,2
จ.ภูเก็ต,2
สาม,2
ม้า,2
zone,2
ดอยหนอก,2
Nikko,2
สภาพ,2
แพง,2
by,2
เจอ,2
กวาง,2
โจว,2
ตา,2
แคนาดา,2
Gods,2
on,2
เกียว,2
เกาหลีใต้,2
to,2
เทียน,2
ประจำ,2
ชั้น,2
เด็ก,2
สนใจ,2
ฝาก,2
สังขาร,2
ตึก,2
ง่อย,2
ตึ๊ง,2
บู๊,2
เทียว,2
แดน,2
เท้า,2
โครงการ,2
ร้อง,2
อู่ฮั่น,2
มหาลัย,2
ตรวจ,2
เมืองจีน,2
ประเทศไหน,2
ภูกระดึง,2
ต่อใจ,2
ต้น,2
มกราคม,2
ศูนย์,2
Italy,2
tokyo,2
วิธี,2
ประเทศไทย,2
Pack,2
พัทลุง,2
ข้าม,2
สวิส,2
ทริป,2
บ้านนอก,2
สวิตเซอร์แลนด์,2
เต๊นท์,2
ถ้ำ,2
ปัญหา,2
โดยสาร,2
เมืองไทย,2
อ่าน,2
เชียงราย,2
ดาบ,2
ดร.,2
ส.ค.ส.,2
พลาด,2
the,2
ครู,2
ดอยปุย@เชียงใหม่,1
Snow,1
นั้ง,1
80,1
ทริปเที่ยว,1
ตังค์,1
ดอยหลวงเชียงดาว,1
ยุค,1
เมกาตอน,1
วิ่ง,1
ฉลอง,1
เกาหลีดี,1
บริษัททัวร์,1
supawattpixs,1
ฮั้ว,1
ปาก,1
PIX,1
First,1
Air,1
class,1
15,1
M.,1
เบาะ,1
เดี่ยว,1
จิมซาจุ่ย,1
เสา,1
กระจก,1
บัง,1
หนีเที่ยว,1
แพพันวารีย์,1
Business,1
เขื่อนเชี่ยวหลาน,1
ต้อนรับ,1
ข้าว,1
prewedding,1
นครชัยแอร์,1
โลคอล,1
premier,1
Review=,1
Mansions,1
ChungKing,1
นาคูหา,1
มนต์เสน่ห์,1
สองบ้านนา,1
BTS,1
จ.แพร่,1
บัตร,1
ชำนาญ,1
แผนที่,1
ขุ่นป้าสาย,1
สาบาน,1
อินเดีย,1
Sonamarg,1
Northern,1
Lights,1
or,1
ขุนนนท์,1
Aurora,1
borealis,1
แสง,1
บังเอิญ,1
ชิล,1
17,1
นอร์เวย์ สวีเดน,1
เดนมาร์ก,1
Backpack,1
ม่วง,1
ตอง,1
นา,1
เว่อ,1
ครอบครัว,1
พักฮ่องกง,1
hotel,1
tetora,1
ลำบาก,1
ikebukuro,1
ตัดสินใจ,1
นอร์เวย์,1
India,1
ละเอียด,1
Little,1
บูชา,1
ทางออก,1
องค์พญา,1
ครุฑ,1
กรุงเทพปริมณฑล,1
ขบวน,1
13,1
14,1
ทป.,1
40,1
Eve,1
Deepavali,1
laser,1
โด่งดัง,1
toku,1
gun,1
036,1
533,1
โฮจิมินห์,1
เหงา,1
mai,1
ดาลัด,1
อุทยานธรรม,1
พระศรีอริยเมตไตรยโพธิสัตว์,1
ฉะเชิงเทรา,1
Rip,1
chiang,1
current,1
ฤดู,1
kaew,1
OH,1
HO,1
CHI,1
suan,1
MINH,1
ตัวรอด,1
กลโกง,1
kad,1
4500,1
Central,1
แม่แตง,1
Easy,1
222,1
ชมเดอะไฮท์รีสอร์ท,1
wall,1
สระบุรี,1
ประเมิน,1
เอกสาร,1
Lost,1
กล้อง,1
Laos,1
ชั่วโมง,1
โง่,1
never,1
ending,1
story,1
ธีมคาเฟ่,1
jimmy,1
liao,1
ไทเป,1
ตั้งใจ,1
เเละ,1
ใฝ่ฝัน,1
เปียโน,1
มือ,1
อาชีพ,1
Ohara,1
ครึ่ง,1
ฮิป,1
อินสาย,1
เช็ค,1
Card,1
สุขภาพ,1
สนามบินเถา,1
ถนอม,1
ลาย,1
หั,1
หิ,1
THE,1
WINTER,1
LOVE,1
ยาง,1
ตรา,1
เค้า,1
SEA,1
ธุรกรรม,1
ติ่ง,1
Saga,1
ลำปาง,1
TOKYO,1
สนามบินดอนเมือง,1
Inari,1
สูด,1
โอโซน,1
000,1
Takeo,1
Shrine,1
หนัง,1
Top,1
OSAKA,1
ส บ า,1
เซ็นต์,1
Penang,1
โซน,1
JR Kansai,1
area,1
ฮาร์บิ้น,1
ออกงิ้ว,1
แดด,1
ปัก,1
กิ่ง,1
Never,1
Ending,1
บูท,1
ผ้าใบ,1
แม่โนบิตะ,1
Something,1
ติดริม,1
นํ้าเจ้าพระยา,1
partner,1
visa,1
Google,1
map,1
jr,1
คลอง,1
ลำลูกกาหน่อย,1
เมล์,1
ฟิวเจอร์ รังสิต,1
วัดเจ้าอาม,1
Dec,1
Bus,1
สวรรค์,1
สถานทูต,1
ฝรั่งเศส,1
โอซาก้า,1
พรุ่ง,1
เทือก,1
ตะลุย,1
โกเบ,1
ท่องนามิเบีย,1
เพชรบูรณ์,1
นารา,1
โซสก้า,1
สิมิลัน,1
ว่าย,1
; APA Keisei Narita Ekimae,1
แตก,1
แหก,1
Love,1
วัดพระธาตุผาซ่อนแก้ว,1
Andaman,1
รัก,1
วัย,1
ธรรม,1
แง่,1
ลบ,1
#seashorehaikwaifungtrip,1
ชมพู,1
เขาทราย,1
จอด,1
Wide,1
ทอง,1
Osaka,1
ฮิมบ้า,1
อ่าง,1
เผยแพร่,1
ขาง,1
Fukuoka,1
ฉ่ำ,1
สตรอว์เบอร์รี,1
ศาลเจ้า,1
Dazaifu,1
เผ่า,1
Tenmangu,1
ตลาดซีฟู๊ด,1
สด,1
หาดราไวย์,1
ปรุง,1
ชน,1
เล้ย,1
สถาปัตย์,1
The Mahjong Boutique,1
Hong,1
เมืองท่าฟลามิงโก้,1
Kong,1
Solo,1
Traveller,1
ตลก,1
ขบขัน,1
นก,1
กางเต๊นท์ บ้านสะปัน,1
อำเภอบ่อเกลือ,1
airline,1
southern,1
จังหวัดน่าน,1
search,1
engine,1
หยุด,1
ถนนกรุงเทพโล่ง,1
นิดนึง,1
เหอะ,1
ร้าง,1
Hello,1
China,1
ประทับใจ,1
ประเทศลาว,1
สมัคร,1
BKK.,1
ซิม,1
lostripthailand,1
Pocket,1
AOT,1
๒๕๕๙,1
wifi,1
tripizee,1
วังพญาไท,1
ตำบลดงพญา,1
โฮมสเตย์,1
ทิ้ง,1
Shinkansen,1
big,1
หลวง,1
bus,1
ฝา,1
Pink,1
hongkong,1
Slovenia in,1
สวน,1
สัตว์,1
take,1
off,1
โมง,1
ขนส่ง,1
หาด,1
ขาว,1
++++,1
คัน,1
สงขลา,1
เซียน เชียงราย,1
พื้นเมือง,1
++,1
WISE,1
ระโนด,1
Tohoku,1
ตรัง,1
ปลาย,1
เคปดาราพัทยา,1
Gate,1
รู้สึก,1
โปรโมชั่น,1
380,1
Countdown,1
High,1
School,1
resort,1
heaven,1
สุข,1
ผี,1
Ghost,1
Lake,1
ปล้น,1
อีสาน,1
Dara,1
เอดิน,1
บะ,1
Edinburge,1
สก๊อตแลนด์,1
ตม.,1
ปู,1
ซาน,1
อินชอน,1
of,1
เลิก,1
อ้าง,1
MASTERPIECE,1
Picnic Hostel&quot,1
ซอยรางน้ำ,1
ห้าม,1
อุดร,1
71,1
77,1
ดีเลย์,1
Aerobridge,1
Contact,1
gate,1
..โดน,1
ถ้ำเสือ,1
journey,1
น่าน,1
สิ,1
Honeymoon,1
เยอรมนี,1
กาญจน์,1
ดำ,1
แนะ,1
หาดจอม,1
นครปฐม,1
แหลม,1
ยุโรปเเบบกรุ๊ป,1
แนะนะ,1
บาลี,1
ฮาย,1
dinner,1
หนองคาย,1
LANDSCAPE,1
น้ำใจ,1
นิสัย,1
บินปีนัง,1
ข่าว,1
เรือ,1
เฟอร์รี่,1
พัทยา-,1
สั่ง,1
ลืม,1
พิพิธภัณฑ์,1
บางกอก,1
คลับเลาจน์,1
กรุงเทพฯ,1
เกาะล้าน,1
หนี,1
ร้อน,1
winter,1
เงิบ,1
ลุก,1
วาว,1
Wow,1
Expedia,1
แถม,1
เลื่อนไฟล์ทฮ่องกงแอร์ไลน์,1
Khaosan,1
Kabuki,1
&amp,1
Deluxe,1
dispatch,1
สนา,1
MY,1
จอร์จทาวน์,1
จำนวน,1
ถิ่นเมืองลาว,1
ซัก,1
กรณี,1
วังเวียง,1
ไฟท์,1
กาล,1
ขา,1
XJ,1
709,1
ครอง,1
ชีพ,1
เพี้ยน,1
สเคปเวอร์เวอร์,1
เฉลี่ย,1
อยุธยา,1
บึงฉวาก,1
แลนด์,1
จ. สุพรรณบุรี,1
ขนม,1
หม้อ,1
แกง,1
ฟรี,1
เมืองเพชร,1
ได่,1
วัฒนธรรม,1
biei,1
สนามบินสุวรรณภูมิ,1
ห้องน้ำ,1
ชวา,1
วังน้ำเขียว,1
หมอชิต,1
ชะอำไหม,1
11,1
ซื่อ,1
ภูไพรเลค แอนด์,1
พฤศจิกายน,1
2014,1
จองโรงแรม,1
Booking,1
com,1
ก่อ,1
กอง,1
พัด,1
แรง,1
อินเดียนแดง,1
บัญดารา,1
วิลล่า ภูเก็ต,1
pool,1
villa,1
seaview@Phuket,1
เก่ง,1
แปลที,1
พ่อค้า,1
ด่วน,1
ฟิ ล์,1
บาหลี,1
Highlight,1
หอบ,1
อุดรธานี,1
Herzegivina,1
ฤดูกาล,1
ชอบ,1
มือถือ,1
สะพาย,1
เต้นท์,1
หรรม,1
รุง,1
500,1
อ.สมเด็จ,1
กาฬสินธุ์,1
อ.บ้านดุง,1
สุดท้าย,1
แค่ใจถึง,1
ผู่,1
โถวซาน,1
เฟสบุ๊ค ไลน์,1
ประเทศจีน,1
แขวงพงสาลี,1
แขวงหัวพัน,1
สปป.,1
ลาว.,1
เป้เที่ยว,1
16,1
ไร่,1
เกษตรภูแพรวา,1
ม ส อ,1
ง ม้,1
สังเกต,1
at,1
ซา,1
ขุ่น,1
ป้าสาย,1
Zurich,1
Hiking,1
Trail,1
อิตาลี,1
Path,1
Of,1
Climb,1
with,1
WAT,1
Most,1
จางเจียเจี้ย,1
Magical,1
Place,1
Earth,1
Walt,1
Disney,1
World,1
Orlando,1
บ้านบาหลี,1
นครนายก,1
20,1
กันยายน,1
2015,1
ฉาง,1
กุ้ยหลิน,1
Kyoto Japan_,1
Park,1
Nov,1
Kokura-Kitakyushu,1
tanga,1
ปราสาท,1
kokura,1
mt,1
.sarakura,1
ใจ,1
แวะ,1
ม้าที่,1
Pong,1
Horse,1
ปงยั้ง,1
โคตร,1
Country Style,1
ตลบ,1
เก่า,1
มีนบุรี,1
ชุมชนมีนบุรี,1
อุปถัมภ์,1
ล่วงหน้า,1
ดอยหลวง,1
พะเยา,1
ความทรงจำ,1
ตะลอนเที่ยว,1
โคตรลุย,1
and,1
Bosnia,1
เกียวโต,1
ม.ราชภัฎ,1
เดี๋ยว,1
Yokohama,1
1day,1
trip,1
คิดเห็น,1
วิศวะ,1
จุฬา,1
ตรี,1
โท,1
เอก,1
กพ.,1
กระทรวงวิทย์,1
ทรมาน,1
New York,1
จินติ่ง,1
ซำเหมาไบค์,1
ทัวริ่ง,1
จักรยาน,1
นกแอร์,1
ช้าง,1
เผือก,1
ย่อ,1
ดอย,1
ตาราง,1
เบา,1
พฤษภา,1
City,1
โรงเรียน,1
Alpine,1
Onsen,1
พม่า,1
ดำเนินการ,1
งแพ,1
กาญฯดี,1
พักเกาะล้าน,1
สนามบินฮ่องกง,1
เซินเจิ้น,1
แถลง,1
เหตุการณ์,1
ศึกษา,1
Kawaguchiko,1
Yunishigawa,1
ไหม๊,1
อาเซียน,1
ดูแผน,1
ติดต่อ,1
VFS,1
ประเทศอิตาลี,1
ดอน,1
เซ็นทรัลาดพร้าว,1
เมสาย,1
ไหนผ่าน,1
ocean,1
เทศกาล,1
งาม,1
มหกรรม,1
Kurobe,1
Route,1
บรรยากาศ,1
III,1
หนังสือ,1
แนว,1
Packshot,1
Shot,1
Packshots,1
Shots,1
ความหมาย,1
แบ่งปัน,1
อนุญาต,1
เยี่ยมชม,1
ส่วนพระองค์ สวนจิตรลดา,1
โอกินาวา,1
พื้นฐาน,1
สมุด,1
โทรศัพท์,1
VS,1
talking,1
dict,1
วัดช่องลม,1
ท่าฉลอม,1
วัดโกรกกราก,1
บันทึก,1
มนุษย์,1
ลูกสาม,1
ด๊อกเตอร์,1
ประเทศเยอรมนี,1
พฤติกรรม,1
Elective,1
Happo,1
เปลี่ยนแปร,1
Pond,1
Kamikochi,1
นาริตะ,1
Seenspace,1
Huahin,1
Cicada,1
เครดิต,1
พุทธคยา,1
โปร,1
ชอบใจจัง,1
TravelFee,1
AirAsia,1
แก้,1
นศพ,1
สุนัข,1
จรจัด,1
วัดบางไทร,1
จังหวัดอยุธยา,1
มิงกะลาบา,1
พระราชดำรัส,1
พรปี,1
พระราชทาน,1
ตก,1
สอย,1
ดาว,1
จันทบุรี,1
Airbnb,1
พักภูหิน,1
ร่อง,1
Chitose,1
ระเบิด,1
เพลง,1
ลอด,1
ช่อง,1
เจษ,1
กทม.,1
ไต้หวัน,1
ป่า,1
แข็ง,1
Kawayu,1
onsen,1
Minami,1
Obihiro,1
your,1
Kushiro,1
โฉม,1
MBK,1
Center,1
ยยย,1
แต่งงาน,1
สามี,1
ชี้,1
เป้า,1
อุปกรณ์,1
ภัย,1
ล้วง,1
name,1
ไหนฝัน,1
สวนรถไฟ,1
บริติส,1
Decor,1
ถาด,1
แจกัน,1
เชิง,1
Romantic,1
Vintage,1
British,1
USA,1
American,1
English,1
เครือ,1
จักรภพ,1
เถา,1
ชื่อ,1
เยี่ยม,1
Mild,1
seven,1
hill,1
วุ่นวาย,1
ภูชี้ฟ้า,1
คิว,1
ชู,1
ฝรั่ง,1
จูเนียร์,1
อะครับ,1
แทน,1
นัด,1
รัชดา,1
สมรส,1
สมุทรปราการ,1
ชั่วคราว,1
สอบ,1
GED,1
ทั่วไป,1
ห้วยน้ำดัง,1
เชียงดาว,1
ช้อปปิ้ง,1
ปูซาน,1
นิกโก้,1
สอะไร,1
คุ้ง,1
กระเจ้า,1
เล่น,1
มรสุม,1
สกี,1
กาล่ายูซา,1
yuzawa,1
สนามบินนาริตะ,1
ห้างเอ็มควอเทียร์,1
สุขสวัสด์,1
บางปะกอก,1
บินโปรโมท,1
สะสม,1
ไมล์,1
เอาไมล์,1
ขบ.,1
ปางอุ๋ง&quot,1
22,1
toyoko,1
ueno,1
inn,1
asakusa,1
kuramae,1
kiminarimon,1
Kuramae,1
พี่,1
ทน,1
กาง,1
อัตโนมัติ,1
อายุ,1
จบ,1
Shinjuku,1
น่าน&quot,1
เกาะหลีเป๊ะ,1
พื้นที่,1
สัญญาณ,1
True,1
คลื่น รีสอร์ท,1
ระยอง,1
27,1
Resort,1
Black,1
สกลนคร,1
เส้น,1
หาที,1
โปร์,1
Home,1
ทะเบียน,1
กล้า,1
จันทร์,1
อุทยานแห่งชาติภูสอยดาว,1
Vietnam,1
Airlines,1
ยุโรป,1
ม่อนปุย,1
หมอก,1
อุทยานแห่งชาติแม่เมย&,1
ริม,1
เขื่อนป่าสัก,1
Nike,1
หญิง,1
รุ่น,1
full,1
ยอด 2,1
moon,1
ใหญ่จัง,1
อัลเมร่า,1
สัง,1
ขละ,1
บุรี,1
ไหว,1
ฮานอย+ซาปา&lt,1
สไตล์,1
ดอยหลวงพะเยา,1
ขัน,1
2150,1
102,1
พิชิต,1
สุโขทัย,1
กางเต้นท์,1
How,1
มหาชัย,1
วัง,1
สวด,1
มนต์,1
เชิญ,1
สะดวก,1
รู้จัก,1
เบื่อ,1
ยกเลิก,1
จองบัตร,1
KR,1
ชลบุรี,1
ภู ดูดาว,1
สัตหีบ,1
นึก,1
ฝีมือ,1
ระดับ,1
ฟอมูล่าวัน,1
ถนนฉายา,1
โค้ง,1
100,1
วังสะพุง,1
จ.เลย,1
ตะวัน,1
ภูสอยดาว,1
เขาหลวง,1
ตูเหนื่อย,1
แปล,1
เก่าภูเก็ต,1
โทน,1
สว่าง,1
แอพLightroom,1
ฟิลิปปินส์,1
Philippines,1
shutterstock,1
ผ้า,1
ผลิต,1
Shipping&quot,1
ซื่อสัตย์,1
เยน,1
บขส.,1
พังงา,1
หมู่,1
นุ้ย,1
amp,1
เกาะสิมิลัน,1
สวิต,1
กุมภา,1
สวัสดี,1
ไก่,1
กุ๊กกุ๊ก,1
บริการวีซ่า,1
สเปน,1
ธันวาคม,1
59,1
็How,1
ผัง,1
จิม ทอมป์สัน,1
ดอยอินทนนท์,1
ยนต์,1
HOTEL,1
MYSTAYS,1
Fuji,1
แช่น้ำ,1
วิวฟูจิ,1
สาบคาวากูจิโกะ,1
สัมผัส,1
!!!,1
Titlis,1
Switzerland,1
ตัวเมือง,1
เช้า,1
ต.ค.,1
เย็น,1
เดินหน้า,1
มาตรการ,1
กรมการขนส่งทางบก.,1
is,1
No,1
เช่า,1
EP,1
ตระเวน,1
รอบ,1
Hiroshima,1
Hiroshima/ Miyajima,1
เซ็นทรัลกาดสวนแก้ว,1
