Word,Count
CR,31
เที่ยว,19
ดี,10
คน,9
สอบถาม,8
ทำ,7
รถ,7
ไหม,6
แนะนำ,6
เกาหลี,5
เดือน,5
เดินทาง,5
ตอน,5
ปี,5
รีวิว,5
2560,5
ไทย,5
เครื่อง,5
ญี่ปุ่น,5
New,4
ประเทศ,4
คืน,4
เมือง,4
Zealand,4
ตัว,4
บิน,4
สี,4
สำหรับ,4
หาย,3
รถไฟ,3
ประสบการณ์,3
วัด,3
ทัวร์,3
ตู้,3
นอน,3
เรียน,3
สอง,3
ใส่,3
หนาว,3
Tokyo,3
เชียงตุง,2
สาย,2
Nikko,2
zone,2
เดิน,2
2016,2
tour,2
พัทลุง,2
จ.ภูเก็ต,2
ตึก,2
จังหวัด,2
แผน,2
เคาท์ดาวน์,2
คุ้ม,2
10,2
กรุงเทพ,2
เหมือน,2
หัวหิน,2
เหนือ,2
Review,2
วาง,2
2017,2
เกาหลีใต้,2
เรื่อง,2
อาหาร,2
พัก,2
โรง,2
แรม,2
เพื่อน,2
แย่,2
น้ำ,2
งาน,2
Part,2
ชุด,2
นั่ง,2
ตา,2
รบกวน,2
เส้นทาง,2
ถ้ำ,2
ลุย,2
Hokkaido,2
ข้อมูล,2
กรุงเทพ-เชียงใหม่,2
Hostel,2
บ้าน,2
เหรอ,2
ร้าน,2
Pass,2
เท้า,2
กิน,2
ภาพ,2
เวลา,2
airline,1
China,1
southern,1
ฉลอง,1
Pink,1
ตรัง,1
ระโนด,1
เทือก,1
ตะลุย,1
ขับ,1
ท่องนามิเบีย,1
เพชรบูรณ์,1
วัดพระธาตุผาซ่อนแก้ว,1
ธรรม,1
#seashorehaikwaifungtrip,1
ชมพู,1
หลวง,1
รอย,1
ฝา,1
ประเทศลาว,1
Slovenia in,1
วิว,1
ชม,1
โมง,1
กี่,1
ขนส่ง,1
คัน,1
สงขลา,1
ประทับใจ,1
Hello,1
ประเทศไทย,1
off,1
PASS,1
WISE,1
JR,1
++,1
แพง,1
อร่อย,1
พื้นเมือง,1
เซียน เชียงราย,1
++++,1
ขาว,1
ไม้,1
หาด,1
take,1
ลาว,1
ดู,1
เมืองไทย,1
สัตว์,1
สวน,1
hongkong,1
bus,1
big,1
ไข่,1
ทิ้ง,1
นก,1
แม่,1
ขบขัน,1
Tohoku,1
Shinkansen,1
โฮมสเตย์,1
ลาน,1
พาสปอร์ต,1
สมัคร,1
AOT,1
๒๕๕๙,1
วังพญาไท,1
Dec,1
tripizee,1
wifi,1
Pocket,1
lostripthailand,1
ซิม,1
BKK.,1
ทอง,1
ร้าง,1
เหอะ,1
นิดนึง,1
บ้านนอก,1
ถนนกรุงเทพโล่ง,1
หยุด,1
engine,1
search,1
จังหวัดน่าน,1
อำเภอบ่อเกลือ,1
ตำบลดงพญา,1
กางเต๊นท์ บ้านสะปัน,1
เขาทราย,1
ทุน,1
เมืองท่าฟลามิงโก้,1
Eve,1
สงสัย,1
ลำปาง,1
กำแพงเพชร,1
สภาพ,1
TOKYO,1
OSAKA,1
wall,1
Snow,1
นิวซีแลนด์,1
premier,1
Business,1
Air,1
PIX,1
ประจำ,1
วิ่ง,1
ดอยหลวงเชียงดาว,1
จิมซาจุ่ย,1
ย่าน,1
Mansions,1
ChungKing,1
พักฮ่องกง,1
ลำบาก,1
ตัดสินใจ,1
นอร์เวย์,1
India,1
ธุรกรรม,1
เค้า,1
ตรา,1
Central,1
กล้อง,1
ชั่วโมง,1
เด็ก,1
ฮิป,1
อินสาย,1
เช็ค,1
mai,1
chiang,1
kaew,1
suan,1
kad,1
สุขภาพ,1
ยาง,1
ถนอม,1
ปีน,1
ฝน,1
แดด,1
บูท,1
ผ้าใบ,1
รองเท้า,1
ต้องการ,1
แม่โนบิตะ,1
เซ็นต์,1
ลาย,1
Little,1
Deepavali,1
สถาปัตย์,1
ศพ,1
MY,1
จำนวน,1
เต็ม,1
ลบ,1
ถิ่นเมืองลาว,1
วังเวียง,1
กาล,1
เพี้ยน,1
สเคปเวอร์เวอร์,1
แลนด์,1
ฟรี,1
คลับเลาจน์,1
แถม,1
Deluxe,1
Dara,1
ห้อง,1
เคปดาราพัทยา,1
พ.ย.,1
ปลาย,1
Osaka,1
ท่องเที่ยว,1
ฮิมบ้า,1
เผ่า,1
ชน,1
เยอรมัน,1
LANDSCAPE,1
MASTERPIECE,1
of,1
กาญจน์,1
สิงคโปร์,1
laser,1
by,1
ทางออก,1
สถานี,1
ม่วง,1
BTS,1
แผนที่,1
ขุนนนท์,1
วัดเจ้าอาม,1
ถ้ำเสือ,1
นครปฐม,1
อีสาน,1
ยุโรปเเบบกรุ๊ป,1
แนะนะ,1
dinner,1
Gala,1
Countdown,1
resort,1
heaven,1
Lake,1
ปล้น,1
โดน,1
รู้สึก,1
ตลก,1
หาดราไวย์,1
แง่,1
..,1
เทียน,1
หาดจอม,1
แนะ,1
ดำ,1
ออสเตรีย,1
เยอรมนี,1
สวิตเซอร์แลนด์,1
สวย,1
Honeymoon,1
ฝัน,1
สิ,1
น่าน,1
บริการ,1
journey,1
the,1
on,1
..โดน,1
เวียดนาม,1
เตือน,1
gate,1
Contact,1
Aerobridge,1
หรอ,1
ดีเลย์,1
แหลม,1
บาลี,1
ฮาย,1
หนองคาย,1
อินชอน,1
ซาน,1
ปู,1
ตม.,1
ติด,1
สก๊อตแลนด์,1
Edinburge,1
บะ,1
เอดิน,1
Ghost,1
ผี,1
สุข,1
School,1
High,1
บาท,1
380,1
ผม,1
โปรโมชั่น,1
Picnic Hostel&quot,1
ซอยรางน้ำ,1
พลาด,1
ห้าม,1
อุดร,1
77,1
71,1
Gate,1
ตอง,1
40,1
ทป.,1
14,1
13,1
ขบวน,1
กรุงเทพปริมณฑล,1
ครุฑ,1
องค์พญา,1
บูชา,1
หา,1
ประเทศไหน,1
เว่อ,1
ละเอียด,1
หน้า,1
Review=,1
ikebukuro,1
tetora,1
hotel,1
ถาม,1
ครอบครัว,1
อเมริกา,1
เมกาตอน,1
นั้ง,1
นา,1
นาคูหา,1
Bus,1
มนต์เสน่ห์,1
สนามบินดอนเมือง,1
Backpack,1
เดนมาร์ก,1
นอร์เวย์ สวีเดน,1
17,1
ชิล,1
บังเอิญ,1
แสง,1
borealis,1
Aurora,1
or,1
Lights,1
Northern,1
Sonamarg,1
อินเดีย,1
สาบาน,1
ขุ่นป้าสาย,1
ชำนาญ,1
เกียว,1
บัตร,1
ซื้อ,1
จ.แพร่,1
สองบ้านนา,1
ทราบ,1
ไหร่,1
&quot,1
สตรอว์เบอร์รี,1
The Mahjong Boutique,1
โจว,1
กวาง,1
เล้ย,1
ปรุง,1
ข้อ,1
สด,1
ตลาดซีฟู๊ด,1
Tenmangu,1
Dazaifu,1
ศาลเจ้า,1
ฉ่ำ,1
เลิก,1
หวาน,1
Fukuoka,1
daY,1
#FirstTimeKyushu,1
ขาง,1
อ่าง,1
พิษณุโลก,1
; APA Keisei Narita Ekimae,1
&amp,1
Kabuki,1
Khaosan,1
Hong,1
Kong,1
เลือก,1
สนใจ,1
วัย,1
รัก,1
Andaman,1
Love,1
แหก,1
แตก,1
ว่าย,1
แดน,1
สวรรค์,1
สิมิลัน,1
pass,1
โซสก้า,1
นารา,1
โกเบ,1
พรุ่ง,1
โอซาก้า,1
ช่วยเหลือ,1
ฝรั่งเศส,1
สถานทูต,1
จอด,1
Wide,1
Traveller,1
Solo,1
เลื่อนไฟล์ทฮ่องกงแอร์ไลน์,1
Expedia,1
เงิน,1
สนา,1
ได่,1
เมืองเพชร,1
แกง,1
หม้อ,1
ขนม,1
จ. สุพรรณบุรี,1
บึงฉวาก,1
อยุธยา,1
มหาลัย,1
ใด,1
เฉลี่ย,1
ชีพ,1
ครอง,1
ค่า,1
709,1
XJ,1
ขา,1
ไฟท์,1
กรณี,1
ซัก,1
นิสัย,1
น้ำใจ,1
อ้าง,1
จอร์จทาวน์,1
บินปีนัง,1
Wow,1
dispatch,1
ร้อง,1
วาว,1
ลุก,1
Summer,1
เงิบ,1
winter,1
ร้อน,1
อากาศ,1
หนี,1
เกาะล้าน,1
ชั้น,1
กรุงเทพฯ,1
ชวน,1
บางกอก,1
พิพิธภัณฑ์,1
....,1
ลืม,1
สั่ง,1
มกราคม,1
พัทยา-,1
เฟอร์รี่,1
เรือ,1
ข่าว,1
เซ็นทรัลกาดสวนแก้ว,1
